case_id,stratum,truth_label,predicted_label,confidence,margin,entropy,action,evidence_channels,missing_channels,top_hypotheses,strongest_terms,warnings,contradictions,posterior_warnings,recommendation
mpc_proxy_sedna_detached,multi_night_tracklet,DETACHED,HOT_CLASSICAL,0.3804861534152127,0.07189666607236722,1.3386720684211597,observe_second_night,"[""magnitude"",""morphology"",""orbit_fit"",""rate""]","[""color"",""sky_context"",""xmatch""]","[{""class"":""moving_object"",""free_energy"":8.560087914192131,""label"":""HOT_CLASSICAL (44 AU)"",""orbital_class"":""HOT_CLASSICAL"",""posterior"":0.3804861534152127},{""class"":""moving_object"",""free_energy"":8.769525826626232,""label"":""DETACHED (80 AU)"",""orbital_class"":""DETACHED"",""posterior"":0.30858948734284547},{""class"":""moving_object"",""free_energy"":9.070913537958122,""label"":""CLASSICAL_KBO (44 AU)"",""orbital_class"":""CLASSICAL_KBO"",""posterior"":0.22829169204912764},{""class"":""moving_object"",""free_energy"":10.33896373906033,""label"":""SEDNOID (500 AU)"",""orbital_class"":""SEDNOID"",""posterior"":0.06423665264578794},{""class"":""moving_object"",""free_energy"":12.183231465506342,""label"":""RESONANT_KBO (39 AU)"",""orbital_class"":""RESONANT_KBO"",""posterior"":0.010158453691273538}]","{""magnitude"":-2.4423470353692043,""morphology"":-0.07257069283483537,""prior"":-5.298317366548036,""rate"":-1.44,""rms_fit"":0.6931471805599453}",[],[],[],collect decisive follow-up; posterior margin is too small
mpc_proxy_classical_kbo,multi_night_tracklet,CLASSICAL_KBO,HOT_CLASSICAL,0.23977345146199214,0.04795469029239843,2.044185898910112,observe_second_night,"[""magnitude"",""morphology"",""orbit_fit"",""rate""]","[""color"",""sky_context"",""xmatch""]","[{""class"":""moving_object"",""free_energy"":7.141827900828536,""label"":""HOT_CLASSICAL (44 AU)"",""orbital_class"":""HOT_CLASSICAL"",""posterior"":0.23977345146199214},{""class"":""moving_object"",""free_energy"":7.364971452142746,""label"":""RESONANT_KBO (39 AU)"",""orbital_class"":""RESONANT_KBO"",""posterior"":0.1918187611695937},{""class"":""moving_object"",""free_energy"":7.652653524594528,""label"":""CLASSICAL_KBO (44 AU)"",""orbital_class"":""CLASSICAL_KBO"",""posterior"":0.14386407087719516},{""class"":""moving_object"",""free_energy"":7.812996174669706,""label"":""COMET_HYPERBOLIC (10 AU)"",""orbital_class"":""COMET_HYPERBOLIC"",""posterior"":0.12255087519168488},{""class"":""moving_object"",""free_energy"":8.05811863270269,""label"":""SCATTERED_KBO (60 AU)"",""orbital_class"":""SCATTERED_KBO"",""posterior"":0.09590938058479694}]","{""magnitude"":-2.4423470353692043,""morphology"":-0.09431067947124129,""prior"":-5.298317366548036,""rate"":0.0,""rms_fit"":0.6931471805599453}",[],[],[],collect decisive follow-up; posterior margin is too small
lsst_like_faint_kbo,multi_night_tracklet,CLASSICAL_KBO,HOT_CLASSICAL,0.2928567762300045,0.058571355246000906,1.8439633545679155,observe_second_night,"[""color"",""magnitude"",""morphology"",""orbit_fit"",""rate"",""sky_context""]","[""xmatch""]","[{""class"":""moving_object"",""free_energy"":6.147355871413024,""label"":""HOT_CLASSICAL (44 AU)"",""orbital_class"":""HOT_CLASSICAL"",""posterior"":0.2928567762300045},{""class"":""moving_object"",""free_energy"":6.370499422727233,""label"":""RESONANT_KBO (39 AU)"",""orbital_class"":""RESONANT_KBO"",""posterior"":0.2342854209840036},{""class"":""moving_object"",""free_energy"":6.658181495179015,""label"":""CLASSICAL_KBO (44 AU)"",""orbital_class"":""CLASSICAL_KBO"",""posterior"":0.17571406573800255},{""class"":""moving_object"",""free_energy"":7.063646603287179,""label"":""SCATTERED_KBO (60 AU)"",""orbital_class"":""SCATTERED_KBO"",""posterior"":0.11714271049200178},{""class"":""moving_object"",""free_energy"":7.756793783847124,""label"":""DETACHED (80 AU)"",""orbital_class"":""DETACHED"",""posterior"":0.05857135524600089}]","{""color"":1.0986122886681098,""magnitude"":-2.4423470353692043,""morphology"":-0.19845093872383832,""prior"":-5.298317366548036,""rate"":0.0,""rms_fit"":0.6931471805599453}",[],[],[],collect decisive follow-up; posterior margin is too small
lsst_like_trojan,multi_night_tracklet,JTROJAN,MBA,0.7779503105158082,0.6593962388837379,0.8294799191154827,observe_multiband,"[""color"",""magnitude"",""morphology"",""orbit_fit"",""rate"",""sky_context""]","[""xmatch""]","[{""class"":""moving_object"",""free_energy"":2.741970432717929,""label"":""MBA (3 AU)"",""orbital_class"":""MBA"",""posterior"":0.7779503105158082},{""class"":""moving_object"",""free_energy"":4.62326392943079,""label"":""JTROJAN (5 AU)"",""orbital_class"":""JTROJAN"",""posterior"":0.1185540716320703},{""class"":""moving_object"",""free_energy"":5.281319790179466,""label"":""OMB (3 AU)"",""orbital_class"":""OMB"",""posterior"":0.06139407280946493},{""class"":""moving_object"",""free_energy"":6.702705471110626,""label"":""HILDA (4 AU)"",""orbital_class"":""HILDA"",""posterior"":0.014819258954008785},{""class"":""moving_object"",""free_energy"":7.14817260961952,""label"":""IMB (2 AU)"",""orbital_class"":""IMB"",""posterior"":0.009492105726585475}]","{""magnitude"":-2.8622008809294686,""morphology"":-0.11653381625595151,""prior"":-0.4307829160924542,""rate"":-0.025600000000000046,""rms_fit"":0.6931471805599453}",[],[],[],inspect top evidence terms; likely prior/likelihood calibration miss
contradiction_cosmic_ray_arc,contradiction_fail_closed,manual_review,manual_review,0.0,0.0,inf,manual_review,"[""magnitude"",""morphology"",""orbit_fit"",""rate""]","[""color"",""sky_context"",""xmatch""]",[],{},[],"[""cosmic-ray morphology conflicts with repeated detections""]","[""contradictory evidence rejected before scoring""]",manual review path behaved correctly
contradiction_satellite_multiday,contradiction_fail_closed,manual_review,manual_review,0.0,0.0,inf,manual_review,"[""magnitude"",""morphology"",""orbit_fit"",""rate""]","[""color"",""sky_context"",""xmatch""]",[],{},[],"[""satellite-scale rate conflicts with multi-day coherent arc""]","[""contradictory evidence rejected before scoring""]",manual review path behaved correctly
mpc_proxy_sedna_detached__missing_color,artifact_adversarial,DETACHED,HOT_CLASSICAL,0.3804861534152127,0.07189666607236722,1.3386720684211597,observe_second_night,"[""magnitude"",""morphology"",""orbit_fit"",""rate""]","[""color"",""sky_context"",""xmatch""]","[{""class"":""moving_object"",""free_energy"":8.560087914192131,""label"":""HOT_CLASSICAL (44 AU)"",""orbital_class"":""HOT_CLASSICAL"",""posterior"":0.3804861534152127},{""class"":""moving_object"",""free_energy"":8.769525826626232,""label"":""DETACHED (80 AU)"",""orbital_class"":""DETACHED"",""posterior"":0.30858948734284547},{""class"":""moving_object"",""free_energy"":9.070913537958122,""label"":""CLASSICAL_KBO (44 AU)"",""orbital_class"":""CLASSICAL_KBO"",""posterior"":0.22829169204912764},{""class"":""moving_object"",""free_energy"":10.33896373906033,""label"":""SEDNOID (500 AU)"",""orbital_class"":""SEDNOID"",""posterior"":0.06423665264578794},{""class"":""moving_object"",""free_energy"":12.183231465506342,""label"":""RESONANT_KBO (39 AU)"",""orbital_class"":""RESONANT_KBO"",""posterior"":0.010158453691273538}]","{""magnitude"":-2.4423470353692043,""morphology"":-0.07257069283483537,""prior"":-5.298317366548036,""rate"":-1.44,""rms_fit"":0.6931471805599453}",[],[],[],collect decisive follow-up; posterior margin is too small
mpc_proxy_sedna_detached__mag_noise,artifact_adversarial,DETACHED,HOT_CLASSICAL,0.3804861534152127,0.07189666607236722,1.3386720684211597,observe_second_night,"[""magnitude"",""morphology"",""orbit_fit"",""rate""]","[""color"",""sky_context"",""xmatch""]","[{""class"":""moving_object"",""free_energy"":8.560087914192131,""label"":""HOT_CLASSICAL (44 AU)"",""orbital_class"":""HOT_CLASSICAL"",""posterior"":0.3804861534152127},{""class"":""moving_object"",""free_energy"":8.769525826626232,""label"":""DETACHED (80 AU)"",""orbital_class"":""DETACHED"",""posterior"":0.30858948734284547},{""class"":""moving_object"",""free_energy"":9.070913537958122,""label"":""CLASSICAL_KBO (44 AU)"",""orbital_class"":""CLASSICAL_KBO"",""posterior"":0.22829169204912764},{""class"":""moving_object"",""free_energy"":10.33896373906033,""label"":""SEDNOID (500 AU)"",""orbital_class"":""SEDNOID"",""posterior"":0.06423665264578794},{""class"":""moving_object"",""free_energy"":12.183231465506342,""label"":""RESONANT_KBO (39 AU)"",""orbital_class"":""RESONANT_KBO"",""posterior"":0.010158453691273538}]","{""magnitude"":-2.4423470353692043,""morphology"":-0.07257069283483537,""prior"":-5.298317366548036,""rate"":-1.44,""rms_fit"":0.6931471805599453}",[],[],[],collect decisive follow-up; posterior margin is too small
mpc_proxy_sedna_detached__weak_morphology,artifact_adversarial,DETACHED,HOT_CLASSICAL,0.3785737135682831,0.0715352914262099,1.3620514948625628,observe_second_night,"[""magnitude"",""morphology"",""orbit_fit"",""rate""]","[""color"",""sky_context"",""xmatch""]","[{""class"":""moving_object"",""free_energy"":9.537339345855973,""label"":""HOT_CLASSICAL (44 AU)"",""orbital_class"":""HOT_CLASSICAL"",""posterior"":0.3785737135682831},{""class"":""moving_object"",""free_energy"":9.746777258290074,""label"":""DETACHED (80 AU)"",""orbital_class"":""DETACHED"",""posterior"":0.3070384221420732},{""class"":""moving_object"",""free_energy"":10.048164969621965,""label"":""CLASSICAL_KBO (44 AU)"",""orbital_class"":""CLASSICAL_KBO"",""posterior"":0.22714422814096955},{""class"":""moving_object"",""free_energy"":11.316215170724174,""label"":""SEDNOID (500 AU)"",""orbital_class"":""SEDNOID"",""posterior"":0.06391377957130011},{""class"":""moving_object"",""free_energy"":13.160482897170183,""label"":""RESONANT_KBO (39 AU)"",""orbital_class"":""RESONANT_KBO"",""posterior"":0.010107394194237966}]","{""magnitude"":-2.4423470353692043,""morphology"":-1.0498221244986778,""prior"":-5.298317366548036,""rate"":-1.44,""rms_fit"":0.6931471805599453}",[],[],[],collect decisive follow-up; posterior margin is too small
mpc_proxy_sedna_detached__short_arc,artifact_adversarial,DETACHED,subtraction_residual,0.707283512501808,0.4950984587512657,0.8985856097607376,observe_second_night,"[""magnitude"",""morphology"",""orbit_fit"",""rate""]","[""color"",""sky_context"",""xmatch""]","[{""class"":""artefact"",""free_energy"":2.3025850929940455,""label"":""subtraction_residual"",""orbital_class"":null,""posterior"":0.707283512501808},{""class"":""artefact"",""free_energy"":3.506557897319982,""label"":""edge_artefact"",""orbital_class"":null,""posterior"":0.21218505375054234},{""class"":""artefact"",""free_energy"":5.521460917862246,""label"":""ghost_or_diffraction"",""orbital_class"":null,""posterior"":0.028291340500072325},{""class"":""artefact"",""free_energy"":5.991464547107982,""label"":""cosmic_ray"",""orbital_class"":null,""posterior"":0.0176820878125452},{""class"":""artefact"",""free_energy"":5.991464547107982,""label"":""stellar_variable"",""orbital_class"":null,""posterior"":0.0176820878125452}]","{""prior"":-2.3025850929940455}","[""short-arc moving-object candidate should not be discarded without follow-up""]",[],[],inspect top evidence terms; likely prior/likelihood calibration miss
mpc_proxy_sedna_detached__artifact_conflict,artifact_adversarial,DETACHED,HOT_CLASSICAL,0.3792529489729106,0.07166363975277235,1.3542650892010042,observe_second_night,"[""magnitude"",""morphology"",""orbit_fit"",""rate""]","[""color"",""sky_context"",""xmatch""]","[{""class"":""moving_object"",""free_energy"":9.286024917575066,""label"":""HOT_CLASSICAL (44 AU)"",""orbital_class"":""HOT_CLASSICAL"",""posterior"":0.3792529489729106},{""class"":""moving_object"",""free_energy"":9.495462830009167,""label"":""DETACHED (80 AU)"",""orbital_class"":""DETACHED"",""posterior"":0.3075893092201383},{""class"":""moving_object"",""free_energy"":9.796850541341058,""label"":""CLASSICAL_KBO (44 AU)"",""orbital_class"":""CLASSICAL_KBO"",""posterior"":0.22755176938374605},{""class"":""moving_object"",""free_energy"":11.064900742443267,""label"":""SEDNOID (500 AU)"",""orbital_class"":""SEDNOID"",""posterior"":0.06402845341254279},{""class"":""moving_object"",""free_energy"":12.909168468889277,""label"":""RESONANT_KBO (39 AU)"",""orbital_class"":""RESONANT_KBO"",""posterior"":0.010125528839458163}]","{""magnitude"":-2.4423470353692043,""morphology"":-0.7985076962177716,""prior"":-5.298317366548036,""rate"":-1.44,""rms_fit"":0.6931471805599453}","[""weak cosmic-ray morphology with tracklet evidence needs manual review""]",[],"[""morphology does not match winning hypothesis""]",collect decisive follow-up; posterior margin is too small
mpc_proxy_classical_kbo__missing_color,artifact_adversarial,CLASSICAL_KBO,HOT_CLASSICAL,0.23977345146199214,0.04795469029239843,2.044185898910112,observe_second_night,"[""magnitude"",""morphology"",""orbit_fit"",""rate""]","[""color"",""sky_context"",""xmatch""]","[{""class"":""moving_object"",""free_energy"":7.141827900828536,""label"":""HOT_CLASSICAL (44 AU)"",""orbital_class"":""HOT_CLASSICAL"",""posterior"":0.23977345146199214},{""class"":""moving_object"",""free_energy"":7.364971452142746,""label"":""RESONANT_KBO (39 AU)"",""orbital_class"":""RESONANT_KBO"",""posterior"":0.1918187611695937},{""class"":""moving_object"",""free_energy"":7.652653524594528,""label"":""CLASSICAL_KBO (44 AU)"",""orbital_class"":""CLASSICAL_KBO"",""posterior"":0.14386407087719516},{""class"":""moving_object"",""free_energy"":7.812996174669706,""label"":""COMET_HYPERBOLIC (10 AU)"",""orbital_class"":""COMET_HYPERBOLIC"",""posterior"":0.12255087519168488},{""class"":""moving_object"",""free_energy"":8.05811863270269,""label"":""SCATTERED_KBO (60 AU)"",""orbital_class"":""SCATTERED_KBO"",""posterior"":0.09590938058479694}]","{""magnitude"":-2.4423470353692043,""morphology"":-0.09431067947124129,""prior"":-5.298317366548036,""rate"":0.0,""rms_fit"":0.6931471805599453}",[],[],[],collect decisive follow-up; posterior margin is too small
mpc_proxy_classical_kbo__mag_noise,artifact_adversarial,CLASSICAL_KBO,HOT_CLASSICAL,0.2408635421442219,0.04817270842884436,2.0410137400393102,observe_second_night,"[""magnitude"",""morphology"",""orbit_fit"",""rate""]","[""color"",""sky_context"",""xmatch""]","[{""class"":""moving_object"",""free_energy"":7.141827900828536,""label"":""HOT_CLASSICAL (44 AU)"",""orbital_class"":""HOT_CLASSICAL"",""posterior"":0.2408635421442219},{""class"":""moving_object"",""free_energy"":7.364971452142746,""label"":""RESONANT_KBO (39 AU)"",""orbital_class"":""RESONANT_KBO"",""posterior"":0.19269083371537754},{""class"":""moving_object"",""free_energy"":7.652653524594528,""label"":""CLASSICAL_KBO (44 AU)"",""orbital_class"":""CLASSICAL_KBO"",""posterior"":0.14451812528653304},{""class"":""moving_object"",""free_energy"":7.819940619114151,""label"":""COMET_HYPERBOLIC (10 AU)"",""orbital_class"":""COMET_HYPERBOLIC"",""posterior"":0.12225607735998804},{""class"":""moving_object"",""free_energy"":8.05811863270269,""label"":""SCATTERED_KBO (60 AU)"",""orbital_class"":""SCATTERED_KBO"",""posterior"":0.09634541685768885}]","{""magnitude"":-2.4423470353692043,""morphology"":-0.09431067947124129,""prior"":-5.298317366548036,""rate"":0.0,""rms_fit"":0.6931471805599453}",[],[],[],collect decisive follow-up; posterior margin is too small
mpc_proxy_classical_kbo__weak_morphology,artifact_adversarial,CLASSICAL_KBO,HOT_CLASSICAL,0.2397734506080837,0.04795469012161688,2.044185963325992,observe_second_night,"[""magnitude"",""morphology"",""orbit_fit"",""rate""]","[""color"",""sky_context"",""xmatch""]","[{""class"":""moving_object"",""free_energy"":8.097339345855973,""label"":""HOT_CLASSICAL (44 AU)"",""orbital_class"":""HOT_CLASSICAL"",""posterior"":0.2397734506080837},{""class"":""moving_object"",""free_energy"":8.320482897170184,""label"":""RESONANT_KBO (39 AU)"",""orbital_class"":""RESONANT_KBO"",""posterior"":0.19181876048646682},{""class"":""moving_object"",""free_energy"":8.608164969621964,""label"":""CLASSICAL_KBO (44 AU)"",""orbital_class"":""CLASSICAL_KBO"",""posterior"":0.14386407036485024},{""class"":""moving_object"",""free_energy"":8.768507619697143,""label"":""COMET_HYPERBOLIC (10 AU)"",""orbital_class"":""COMET_HYPERBOLIC"",""posterior"":0.1225508747552428},{""class"":""moving_object"",""free_energy"":9.013630077730127,""label"":""SCATTERED_KBO (60 AU)"",""orbital_class"":""SCATTERED_KBO"",""posterior"":0.09590938024323356}]","{""magnitude"":-2.4423470353692043,""morphology"":-1.0498221244986778,""prior"":-5.298317366548036,""rate"":0.0,""rms_fit"":0.6931471805599453}",[],[],[],collect decisive follow-up; posterior margin is too small
mpc_proxy_classical_kbo__short_arc,artifact_adversarial,CLASSICAL_KBO,subtraction_residual,0.5737948618321959,0.4016564032825372,1.591757548606598,observe_second_night,"[""magnitude"",""morphology"",""orbit_fit"",""rate""]","[""color"",""sky_context"",""xmatch""]","[{""class"":""artefact"",""free_energy"":5.302585092994045,""label"":""subtraction_residual"",""orbital_class"":null,""posterior"":0.5737948618321959},{""class"":""artefact"",""free_energy"":6.506557897319982,""label"":""edge_artefact"",""orbital_class"":null,""posterior"":0.17213845854965865},{""class"":""moving_object"",""free_energy"":7.834975081388482,""label"":""HOT_CLASSICAL (44 AU)"",""orbital_class"":""HOT_CLASSICAL"",""posterior"":0.04559882553972175},{""class"":""moving_object"",""free_energy"":8.05811863270269,""label"":""RESONANT_KBO (39 AU)"",""orbital_class"":""RESONANT_KBO"",""posterior"":0.036479060431777434},{""class"":""moving_object"",""free_energy"":8.345800705154474,""label"":""CLASSICAL_KBO (44 AU)"",""orbital_class"":""CLASSICAL_KBO"",""posterior"":0.027359295323833008}]","{""coherent_short_arc_motion_penalty"":-3.0,""prior"":-2.3025850929940455}","[""short-arc moving-object candidate should not be discarded without follow-up""]",[],[],collect decisive follow-up; posterior margin is too small
mpc_proxy_classical_kbo__artifact_conflict,artifact_adversarial,CLASSICAL_KBO,HOT_CLASSICAL,0.23977343031845816,0.04795468606369177,2.044187295938948,observe_second_night,"[""magnitude"",""morphology"",""orbit_fit"",""rate""]","[""color"",""sky_context"",""xmatch""]","[{""class"":""moving_object"",""free_energy"":7.8460249175750665,""label"":""HOT_CLASSICAL (44 AU)"",""orbital_class"":""HOT_CLASSICAL"",""posterior"":0.23977343031845816},{""class"":""moving_object"",""free_energy"":8.069168468889277,""label"":""RESONANT_KBO (39 AU)"",""orbital_class"":""RESONANT_KBO"",""posterior"":0.1918187442547664},{""class"":""moving_object"",""free_energy"":8.356850541341059,""label"":""CLASSICAL_KBO (44 AU)"",""orbital_class"":""CLASSICAL_KBO"",""posterior"":0.14386405819107467},{""class"":""moving_object"",""free_energy"":8.517193191416236,""label"":""COMET_HYPERBOLIC (10 AU)"",""orbital_class"":""COMET_HYPERBOLIC"",""posterior"":0.12255086438498974},{""class"":""moving_object"",""free_energy"":8.762315649449222,""label"":""SCATTERED_KBO (60 AU)"",""orbital_class"":""SCATTERED_KBO"",""posterior"":0.09590937212738318}]","{""magnitude"":-2.4423470353692043,""morphology"":-0.7985076962177716,""prior"":-5.298317366548036,""rate"":0.0,""rms_fit"":0.6931471805599453}","[""weak cosmic-ray morphology with tracklet evidence needs manual review""]",[],"[""morphology does not match winning hypothesis""]",collect decisive follow-up; posterior margin is too small
mpc_proxy_centaur__short_arc,artifact_adversarial,CENTAUR,subtraction_residual,0.28068850742725804,0.048995450675434093,2.0114654943817687,observe_second_night,"[""magnitude"",""morphology"",""orbit_fit"",""rate""]","[""color"",""sky_context"",""xmatch""]","[{""class"":""artefact"",""free_energy"":5.302585092994045,""label"":""subtraction_residual"",""orbital_class"":null,""posterior"":0.28068850742725804},{""class"":""moving_object"",""free_energy"":5.4944171685318075,""label"":""MBA (3 AU)"",""orbital_class"":""MBA"",""posterior"":0.23169305675182394},{""class"":""moving_object"",""free_energy"":5.985766525993345,""label"":""OMB (3 AU)"",""orbital_class"":""OMB"",""posterior"":0.14174988155037904},{""class"":""moving_object"",""free_energy"":6.020857845804614,""label"":""JTROJAN (5 AU)"",""orbital_class"":""JTROJAN"",""posterior"":0.13686195460036607},{""class"":""artefact"",""free_energy"":6.506557897319982,""label"":""edge_artefact"",""orbital_class"":null,""posterior"":0.08420655222817736}]","{""coherent_short_arc_motion_penalty"":-3.0,""prior"":-2.3025850929940455}","[""short-arc moving-object candidate should not be discarded without follow-up""]",[],[],collect decisive follow-up; posterior margin is too small
ztf_like_fast_neo__short_arc,artifact_adversarial,APOLLO,subtraction_residual,0.5212163390077232,0.31931593143849135,1.4363733436198651,observe_second_night,"[""magnitude"",""morphology"",""orbit_fit"",""rate"",""sky_context""]","[""color"",""xmatch""]","[{""class"":""artefact"",""free_energy"":5.302585092994045,""label"":""subtraction_residual"",""orbital_class"":null,""posterior"":0.5212163390077232},{""class"":""moving_object"",""free_energy"":6.2509757425930665,""label"":""APOLLO (2 AU)"",""orbital_class"":""APOLLO"",""posterior"":0.2019004075692319},{""class"":""artefact"",""free_energy"":6.506557897319982,""label"":""edge_artefact"",""orbital_class"":null,""posterior"":0.15636490170231684},{""class"":""moving_object"",""free_energy"":8.042735211821121,""label"":""ATEN (1 AU)"",""orbital_class"":""ATEN"",""posterior"":0.03365006792820533},{""class"":""moving_object"",""free_energy"":8.517193191416236,""label"":""COMET_HYPERBOLIC (10 AU)"",""orbital_class"":""COMET_HYPERBOLIC"",""posterior"":0.020937820044216657}]","{""coherent_short_arc_motion_penalty"":-3.0,""prior"":-2.3025850929940455}","[""short-arc moving-object candidate should not be discarded without follow-up""]",[],[],inspect top evidence terms; likely prior/likelihood calibration miss
ztf_like_fast_neo__artifact_conflict,artifact_adversarial,APOLLO,stellar_variable,0.3510290265891579,0.07020580531783155,1.4396536960699666,observe_second_night,"[""magnitude"",""morphology"",""orbit_fit"",""rate"",""sky_context""]","[""color"",""xmatch""]","[{""class"":""artefact"",""free_energy"":5.991464547107982,""label"":""stellar_variable"",""orbital_class"":null,""posterior"":0.3510290265891579},{""class"":""artefact"",""free_energy"":6.214608098422191,""label"":""supernova_or_agn"",""orbital_class"":null,""posterior"":0.28082322127132636},{""class"":""moving_object"",""free_energy"":6.2509757425930665,""label"":""APOLLO (2 AU)"",""orbital_class"":""APOLLO"",""posterior"":0.27079382051163603},{""class"":""moving_object"",""free_energy"":8.042735211821121,""label"":""ATEN (1 AU)"",""orbital_class"":""ATEN"",""posterior"":0.04513230341860603},{""class"":""moving_object"",""free_energy"":8.517193191416236,""label"":""COMET_HYPERBOLIC (10 AU)"",""orbital_class"":""COMET_HYPERBOLIC"",""posterior"":0.028082322127132655}]","{""prior"":-2.995732273553991,""stellar_motion"":-2.995732273553991}","[""weak cosmic-ray morphology with tracklet evidence needs manual review""]",[],[],collect decisive follow-up; posterior margin is too small
lsst_like_faint_kbo__missing_color,artifact_adversarial,CLASSICAL_KBO,HOT_CLASSICAL,0.2739670099354927,0.05479340198709853,1.8856657930776906,observe_second_night,"[""magnitude"",""morphology"",""orbit_fit"",""rate"",""sky_context""]","[""color"",""xmatch""]","[{""class"":""moving_object"",""free_energy"":7.245968160081134,""label"":""HOT_CLASSICAL (44 AU)"",""orbital_class"":""HOT_CLASSICAL"",""posterior"":0.2739670099354927},{""class"":""moving_object"",""free_energy"":7.469111711395343,""label"":""RESONANT_KBO (39 AU)"",""orbital_class"":""RESONANT_KBO"",""posterior"":0.2191736079483942},{""class"":""moving_object"",""free_energy"":7.756793783847125,""label"":""CLASSICAL_KBO (44 AU)"",""orbital_class"":""CLASSICAL_KBO"",""posterior"":0.16438020596129552},{""class"":""moving_object"",""free_energy"":8.16225889195529,""label"":""SCATTERED_KBO (60 AU)"",""orbital_class"":""SCATTERED_KBO"",""posterior"":0.10958680397419698},{""class"":""moving_object"",""free_energy"":8.17050063145317,""label"":""COMET_HYPERBOLIC (10 AU)"",""orbital_class"":""COMET_HYPERBOLIC"",""posterior"":0.10868732979087652}]","{""magnitude"":-2.4423470353692043,""morphology"":-0.19845093872383832,""prior"":-5.298317366548036,""rate"":0.0,""rms_fit"":0.6931471805599453}",[],[],[],collect decisive follow-up; posterior margin is too small
lsst_like_faint_kbo__mag_noise,artifact_adversarial,CLASSICAL_KBO,HOT_CLASSICAL,0.2978646720152221,0.059572934403044425,1.817289179579794,observe_second_night,"[""color"",""magnitude"",""morphology"",""orbit_fit"",""rate"",""sky_context""]","[""xmatch""]","[{""class"":""moving_object"",""free_energy"":6.147355871413024,""label"":""HOT_CLASSICAL (44 AU)"",""orbital_class"":""HOT_CLASSICAL"",""posterior"":0.2978646720152221},{""class"":""moving_object"",""free_energy"":6.370499422727233,""label"":""RESONANT_KBO (39 AU)"",""orbital_class"":""RESONANT_KBO"",""posterior"":0.23829173761217767},{""class"":""moving_object"",""free_energy"":6.658181495179015,""label"":""CLASSICAL_KBO (44 AU)"",""orbital_class"":""CLASSICAL_KBO"",""posterior"":0.1787188032091331},{""class"":""moving_object"",""free_energy"":7.063646603287179,""label"":""SCATTERED_KBO (60 AU)"",""orbital_class"":""SCATTERED_KBO"",""posterior"":0.11914586880608882},{""class"":""moving_object"",""free_energy"":7.756793783847124,""label"":""DETACHED (80 AU)"",""orbital_class"":""DETACHED"",""posterior"":0.05957293440304441}]","{""color"":1.0986122886681098,""magnitude"":-2.4423470353692043,""morphology"":-0.19845093872383832,""prior"":-5.298317366548036,""rate"":0.0,""rms_fit"":0.6931471805599453}",[],[],[],collect decisive follow-up; posterior margin is too small
lsst_like_faint_kbo__weak_morphology,artifact_adversarial,CLASSICAL_KBO,HOT_CLASSICAL,0.2928567753927487,0.058571355078549714,1.8439634071714508,observe_second_night,"[""color"",""magnitude"",""morphology"",""orbit_fit"",""rate"",""sky_context""]","[""xmatch""]","[{""class"":""moving_object"",""free_energy"":6.998727057187863,""label"":""HOT_CLASSICAL (44 AU)"",""orbital_class"":""HOT_CLASSICAL"",""posterior"":0.2928567753927487},{""class"":""moving_object"",""free_energy"":7.221870608502073,""label"":""RESONANT_KBO (39 AU)"",""orbital_class"":""RESONANT_KBO"",""posterior"":0.23428542031419897},{""class"":""moving_object"",""free_energy"":7.509552680953854,""label"":""CLASSICAL_KBO (44 AU)"",""orbital_class"":""CLASSICAL_KBO"",""posterior"":0.17571406523564906},{""class"":""moving_object"",""free_energy"":7.915017789062018,""label"":""SCATTERED_KBO (60 AU)"",""orbital_class"":""SCATTERED_KBO"",""posterior"":0.11714271015709946},{""class"":""moving_object"",""free_energy"":8.608164969621964,""label"":""DETACHED (80 AU)"",""orbital_class"":""DETACHED"",""posterior"":0.05857135507854973}]","{""color"":1.0986122886681098,""magnitude"":-2.4423470353692043,""morphology"":-1.0498221244986778,""prior"":-5.298317366548036,""rate"":0.0,""rms_fit"":0.6931471805599453}",[],[],[],collect decisive follow-up; posterior margin is too small
lsst_like_faint_kbo__short_arc,artifact_adversarial,CLASSICAL_KBO,subtraction_residual,0.46622010252543405,0.32635407176780395,1.8551839485417014,observe_second_night,"[""color"",""magnitude"",""morphology"",""orbit_fit"",""rate"",""sky_context""]","[""xmatch""]","[{""class"":""artefact"",""free_energy"":5.302585092994045,""label"":""subtraction_residual"",""orbital_class"":null,""posterior"":0.46622010252543405},{""class"":""artefact"",""free_energy"":6.506557897319982,""label"":""edge_artefact"",""orbital_class"":null,""posterior"":0.1398660307576301},{""class"":""moving_object"",""free_energy"":6.840503051972969,""label"":""HOT_CLASSICAL (44 AU)"",""orbital_class"":""HOT_CLASSICAL"",""posterior"":0.10015709332901342},{""class"":""moving_object"",""free_energy"":7.063646603287179,""label"":""RESONANT_KBO (39 AU)"",""orbital_class"":""RESONANT_KBO"",""posterior"":0.08012567466321073},{""class"":""moving_object"",""free_energy"":7.35132867573896,""label"":""CLASSICAL_KBO (44 AU)"",""orbital_class"":""CLASSICAL_KBO"",""posterior"":0.060094255997408}]","{""coherent_short_arc_motion_penalty"":-3.0,""prior"":-2.3025850929940455}","[""short-arc moving-object candidate should not be discarded without follow-up""]",[],[],collect decisive follow-up; posterior margin is too small
lsst_like_faint_kbo__artifact_conflict,artifact_adversarial,CLASSICAL_KBO,HOT_CLASSICAL,0.2928567540336044,0.05857135080672085,1.8439645811935572,observe_second_night,"[""color"",""magnitude"",""morphology"",""orbit_fit"",""rate"",""sky_context""]","[""xmatch""]","[{""class"":""moving_object"",""free_energy"":6.747412628906957,""label"":""HOT_CLASSICAL (44 AU)"",""orbital_class"":""HOT_CLASSICAL"",""posterior"":0.2928567540336044},{""class"":""moving_object"",""free_energy"":6.970556180221167,""label"":""RESONANT_KBO (39 AU)"",""orbital_class"":""RESONANT_KBO"",""posterior"":0.23428540322688354},{""class"":""moving_object"",""free_energy"":7.258238252672949,""label"":""CLASSICAL_KBO (44 AU)"",""orbital_class"":""CLASSICAL_KBO"",""posterior"":0.1757140524201625},{""class"":""moving_object"",""free_energy"":7.6637033607811125,""label"":""SCATTERED_KBO (60 AU)"",""orbital_class"":""SCATTERED_KBO"",""posterior"":0.11714270161344176},{""class"":""moving_object"",""free_energy"":8.356850541341057,""label"":""DETACHED (80 AU)"",""orbital_class"":""DETACHED"",""posterior"":0.05857135080672093}]","{""color"":1.0986122886681098,""magnitude"":-2.4423470353692043,""morphology"":-0.7985076962177716,""prior"":-5.298317366548036,""rate"":0.0,""rms_fit"":0.6931471805599453}","[""weak cosmic-ray morphology with tracklet evidence needs manual review""]",[],"[""morphology does not match winning hypothesis""]",collect decisive follow-up; posterior margin is too small
lsst_like_trojan__missing_color,artifact_adversarial,JTROJAN,MBA,0.8393523147075821,0.7731125350900597,0.6634101883785654,observe_multiband,"[""magnitude"",""morphology"",""orbit_fit"",""rate"",""sky_context""]","[""color"",""xmatch""]","[{""class"":""moving_object"",""free_energy"":2.741970432717929,""label"":""MBA (3 AU)"",""orbital_class"":""MBA"",""posterior"":0.8393523147075821},{""class"":""moving_object"",""free_energy"":5.281319790179466,""label"":""OMB (3 AU)"",""orbital_class"":""OMB"",""posterior"":0.06623977961752235},{""class"":""moving_object"",""free_energy"":5.316411109990735,""label"":""JTROJAN (5 AU)"",""orbital_class"":""JTROJAN"",""posterior"":0.0639556492858837},{""class"":""moving_object"",""free_energy"":7.14817260961952,""label"":""IMB (2 AU)"",""orbital_class"":""IMB"",""posterior"":0.010241297940707895},{""class"":""moving_object"",""free_energy"":7.395852651670571,""label"":""HILDA (4 AU)"",""orbital_class"":""HILDA"",""posterior"":0.007994456160735464}]","{""magnitude"":-2.8622008809294686,""morphology"":-0.11653381625595151,""prior"":-0.4307829160924542,""rate"":-0.025600000000000046,""rms_fit"":0.6931471805599453}",[],[],[],inspect top evidence terms; likely prior/likelihood calibration miss
lsst_like_trojan__mag_noise,artifact_adversarial,JTROJAN,MBA,0.7779503105158082,0.6593962388837379,0.8294799191154827,observe_multiband,"[""color"",""magnitude"",""morphology"",""orbit_fit"",""rate"",""sky_context""]","[""xmatch""]","[{""class"":""moving_object"",""free_energy"":2.741970432717929,""label"":""MBA (3 AU)"",""orbital_class"":""MBA"",""posterior"":0.7779503105158082},{""class"":""moving_object"",""free_energy"":4.62326392943079,""label"":""JTROJAN (5 AU)"",""orbital_class"":""JTROJAN"",""posterior"":0.1185540716320703},{""class"":""moving_object"",""free_energy"":5.281319790179466,""label"":""OMB (3 AU)"",""orbital_class"":""OMB"",""posterior"":0.06139407280946493},{""class"":""moving_object"",""free_energy"":6.702705471110626,""label"":""HILDA (4 AU)"",""orbital_class"":""HILDA"",""posterior"":0.014819258954008785},{""class"":""moving_object"",""free_energy"":7.14817260961952,""label"":""IMB (2 AU)"",""orbital_class"":""IMB"",""posterior"":0.009492105726585475}]","{""magnitude"":-2.8622008809294686,""morphology"":-0.11653381625595151,""prior"":-0.4307829160924542,""rate"":-0.025600000000000046,""rms_fit"":0.6931471805599453}",[],[],[],inspect top evidence terms; likely prior/likelihood calibration miss
lsst_like_trojan__weak_morphology,artifact_adversarial,JTROJAN,MBA,0.7779503102904642,0.6593962386927348,0.8294799254274378,observe_multiband,"[""color"",""magnitude"",""morphology"",""orbit_fit"",""rate"",""sky_context""]","[""xmatch""]","[{""class"":""moving_object"",""free_energy"":3.675258740960655,""label"":""MBA (3 AU)"",""orbital_class"":""MBA"",""posterior"":0.7779503102904642},{""class"":""moving_object"",""free_energy"":5.556552237673516,""label"":""JTROJAN (5 AU)"",""orbital_class"":""JTROJAN"",""posterior"":0.11855407159772945},{""class"":""moving_object"",""free_energy"":6.214608098422191,""label"":""OMB (3 AU)"",""orbital_class"":""OMB"",""posterior"":0.061394072791681326},{""class"":""moving_object"",""free_energy"":7.6359937793533526,""label"":""HILDA (4 AU)"",""orbital_class"":""HILDA"",""posterior"":0.014819258949716176},{""class"":""moving_object"",""free_energy"":8.081460917862247,""label"":""IMB (2 AU)"",""orbital_class"":""IMB"",""posterior"":0.009492105723835948}]","{""magnitude"":-2.8622008809294686,""morphology"":-1.0498221244986778,""prior"":-0.4307829160924542,""rate"":-0.025600000000000046,""rms_fit"":0.6931471805599453}",[],[],[],inspect top evidence terms; likely prior/likelihood calibration miss
lsst_like_trojan__short_arc,artifact_adversarial,JTROJAN,MBA,0.6651133389098872,0.5623436986832507,1.2515180632744278,observe_multiband,"[""color"",""magnitude"",""morphology"",""orbit_fit"",""rate"",""sky_context""]","[""xmatch""]","[{""class"":""moving_object"",""free_energy"":3.4351176132778742,""label"":""MBA (3 AU)"",""orbital_class"":""MBA"",""posterior"":0.6651133389098872},{""class"":""artefact"",""free_energy"":5.302585092994045,""label"":""subtraction_residual"",""orbital_class"":null,""posterior"":0.10276964022663648},{""class"":""moving_object"",""free_energy"":5.316411109990735,""label"":""JTROJAN (5 AU)"",""orbital_class"":""JTROJAN"",""posterior"":0.10135852297852631},{""class"":""moving_object"",""free_energy"":5.974466970739411,""label"":""OMB (3 AU)"",""orbital_class"":""OMB"",""posterior"":0.05248923511387965},{""class"":""artefact"",""free_energy"":6.506557897319982,""label"":""edge_artefact"",""orbital_class"":null,""posterior"":0.030830892067990924}]","{""magnitude"":-2.8622008809294686,""morphology"":-0.11653381625595151,""prior"":-0.4307829160924542,""rate"":-0.025600000000000046}","[""short-arc moving-object candidate should not be discarded without follow-up""]",[],[],inspect top evidence terms; likely prior/likelihood calibration miss
lsst_like_trojan__artifact_conflict,artifact_adversarial,JTROJAN,MBA,0.7779503048597027,0.6593962340895825,0.8294800612685789,observe_second_night,"[""color"",""magnitude"",""morphology"",""orbit_fit"",""rate"",""sky_context""]","[""xmatch""]","[{""class"":""moving_object"",""free_energy"":3.423944312679749,""label"":""MBA (3 AU)"",""orbital_class"":""MBA"",""posterior"":0.7779503048597027},{""class"":""moving_object"",""free_energy"":5.30523780939261,""label"":""JTROJAN (5 AU)"",""orbital_class"":""JTROJAN"",""posterior"":0.11855407077012022},{""class"":""moving_object"",""free_energy"":5.963293670141286,""label"":""OMB (3 AU)"",""orbital_class"":""OMB"",""posterior"":0.06139407236309792},{""class"":""moving_object"",""free_energy"":7.384679351072446,""label"":""HILDA (4 AU)"",""orbital_class"":""HILDA"",""posterior"":0.014819258846265025},{""class"":""moving_object"",""free_energy"":7.83014648958134,""label"":""IMB (2 AU)"",""orbital_class"":""IMB"",""posterior"":0.009492105657572903}]","{""magnitude"":-2.8622008809294686,""morphology"":-0.7985076962177716,""prior"":-0.4307829160924542,""rate"":-0.025600000000000046,""rms_fit"":0.6931471805599453}","[""weak cosmic-ray morphology with tracklet evidence needs manual review""]",[],"[""morphology does not match winning hypothesis""]",inspect top evidence terms; likely prior/likelihood calibration miss
false_positive_satellite_streak__weak_morphology,artifact_adversarial,satellite_trail,subtraction_residual,0.40485829959514175,0.16194331983805677,1.4444345539969254,discard,"[""magnitude"",""morphology"",""orbit_fit"",""rate""]","[""color"",""sky_context"",""xmatch""]","[{""class"":""artefact"",""free_energy"":2.995732273553991,""label"":""subtraction_residual"",""orbital_class"":null,""posterior"":0.40485829959514175},{""class"":""artefact"",""free_energy"":3.506557897319982,""label"":""edge_artefact"",""orbital_class"":null,""posterior"":0.24291497975708498},{""class"":""artefact"",""free_energy"":3.5090610275381002,""label"":""satellite_trail"",""orbital_class"":null,""posterior"":0.2423076923076923},{""class"":""artefact"",""free_energy"":5.298317366548036,""label"":""cosmic_ray"",""orbital_class"":null,""posterior"":0.040485829959514184},{""class"":""artefact"",""free_energy"":5.521460917862246,""label"":""ghost_or_diffraction"",""orbital_class"":null,""posterior"":0.03238866396761134}]","{""prior"":-2.3025850929940455,""single_detection"":-0.6931471805599453}",[],[],[],inspect top evidence terms; likely prior/likelihood calibration miss
false_positive_cosmic_ray__weak_morphology,artifact_adversarial,cosmic_ray,subtraction_residual,0.33118468571164006,0.12253833371330686,1.9117246327074047,discard,"[""magnitude"",""morphology"",""orbit_fit""]","[""color"",""rate"",""sky_context"",""xmatch""]","[{""class"":""artefact"",""free_energy"":2.995732273553991,""label"":""subtraction_residual"",""orbital_class"":null,""posterior"":0.33118468571164006},{""class"":""artefact"",""free_energy"":3.4577677331505496,""label"":""cosmic_ray"",""orbital_class"":null,""posterior"":0.2086463519983332},{""class"":""artefact"",""free_energy"":3.506557897319982,""label"":""edge_artefact"",""orbital_class"":null,""posterior"":0.198710811426984},{""class"":""moving_object"",""free_energy"":4.091491493239695,""label"":""MBA (3 AU)"",""orbital_class"":""MBA"",""posterior"":0.11071030922360531},{""class"":""artefact"",""free_energy"":5.521460917862246,""label"":""ghost_or_diffraction"",""orbital_class"":null,""posterior"":0.02649477485693121}]","{""prior"":-2.3025850929940455,""single_detection"":-0.6931471805599453}","[""sparse evidence: posterior should be treated as provisional""]",[],[],collect decisive follow-up; posterior margin is too small
false_positive_variable_star__short_arc,artifact_adversarial,stellar_variable,subtraction_residual,0.5254181414814543,0.2889799778147999,1.3226693973222075,discard,"[""magnitude"",""morphology"",""orbit_fit"",""sky_context""]","[""color"",""rate"",""xmatch""]","[{""class"":""artefact"",""free_energy"":2.3025850929940455,""label"":""subtraction_residual"",""orbital_class"":null,""posterior"":0.5254181414814543},{""class"":""artefact"",""free_energy"":3.101092789211817,""label"":""stellar_variable"",""orbital_class"":null,""posterior"":0.23643816366665438},{""class"":""artefact"",""free_energy"":3.506557897319982,""label"":""edge_artefact"",""orbital_class"":null,""posterior"":0.15762544244443621},{""class"":""artefact"",""free_energy"":5.521460917862246,""label"":""ghost_or_diffraction"",""orbital_class"":null,""posterior"":0.021016725659258172},{""class"":""artefact"",""free_energy"":5.809142990314028,""label"":""satellite_trail"",""orbital_class"":null,""posterior"":0.015762544244443618}]","{""prior"":-2.3025850929940455}",[],[],[],add same-night pair or tracklet rate before classifying
contradiction_cosmic_ray_arc__missing_color,contradiction_fail_closed,manual_review,manual_review,0.0,0.0,inf,manual_review,"[""magnitude"",""morphology"",""orbit_fit"",""rate""]","[""color"",""sky_context"",""xmatch""]",[],{},[],"[""cosmic-ray morphology conflicts with repeated detections""]","[""contradictory evidence rejected before scoring""]",manual review path behaved correctly
contradiction_cosmic_ray_arc__mag_noise,contradiction_fail_closed,manual_review,manual_review,0.0,0.0,inf,manual_review,"[""magnitude"",""morphology"",""orbit_fit"",""rate""]","[""color"",""sky_context"",""xmatch""]",[],{},[],"[""cosmic-ray morphology conflicts with repeated detections""]","[""contradictory evidence rejected before scoring""]",manual review path behaved correctly
contradiction_cosmic_ray_arc__short_arc,contradiction_fail_closed,manual_review,subtraction_residual,0.5483769658400058,0.30901042025084335,1.1703764334122242,discard,"[""magnitude"",""morphology"",""orbit_fit"",""rate""]","[""color"",""sky_context"",""xmatch""]","[{""class"":""artefact"",""free_energy"":2.3025850929940455,""label"":""subtraction_residual"",""orbital_class"":null,""posterior"":0.5483769658400058},{""class"":""artefact"",""free_energy"":3.1315519966965257,""label"":""cosmic_ray"",""orbital_class"":null,""posterior"":0.2393665455891625},{""class"":""artefact"",""free_energy"":3.506557897319982,""label"":""edge_artefact"",""orbital_class"":null,""posterior"":0.16451308975200168},{""class"":""artefact"",""free_energy"":5.521460917862246,""label"":""ghost_or_diffraction"",""orbital_class"":null,""posterior"":0.02193507863360024},{""class"":""artefact"",""free_energy"":5.991464547107982,""label"":""stellar_variable"",""orbital_class"":null,""posterior"":0.013709424146000147}]","{""prior"":-2.3025850929940455}",[],[],[],strengthen contradiction audit and fail-closed triggers
contradiction_satellite_multiday__missing_color,contradiction_fail_closed,manual_review,manual_review,0.0,0.0,inf,manual_review,"[""magnitude"",""morphology"",""orbit_fit"",""rate""]","[""color"",""sky_context"",""xmatch""]",[],{},[],"[""satellite-scale rate conflicts with multi-day coherent arc""]","[""contradictory evidence rejected before scoring""]",manual review path behaved correctly
contradiction_satellite_multiday__mag_noise,contradiction_fail_closed,manual_review,manual_review,0.0,0.0,inf,manual_review,"[""magnitude"",""morphology"",""orbit_fit"",""rate""]","[""color"",""sky_context"",""xmatch""]",[],{},[],"[""satellite-scale rate conflicts with multi-day coherent arc""]","[""contradictory evidence rejected before scoring""]",manual review path behaved correctly
contradiction_satellite_multiday__weak_morphology,contradiction_fail_closed,manual_review,manual_review,0.0,0.0,inf,manual_review,"[""magnitude"",""morphology"",""orbit_fit"",""rate""]","[""color"",""sky_context"",""xmatch""]",[],{},[],"[""satellite-scale rate conflicts with multi-day coherent arc""]","[""contradictory evidence rejected before scoring""]",manual review path behaved correctly
contradiction_satellite_multiday__short_arc,contradiction_fail_closed,manual_review,subtraction_residual,0.45332970669567985,0.0928645904166101,1.2173995848016288,discard,"[""magnitude"",""morphology"",""orbit_fit"",""rate""]","[""color"",""sky_context"",""xmatch""]","[{""class"":""artefact"",""free_energy"":2.3025850929940455,""label"":""subtraction_residual"",""orbital_class"":null,""posterior"":0.45332970669567985},{""class"":""artefact"",""free_energy"":2.531809595874258,""label"":""satellite_trail"",""orbital_class"":null,""posterior"":0.36046511627906974},{""class"":""artefact"",""free_energy"":3.506557897319982,""label"":""edge_artefact"",""orbital_class"":null,""posterior"":0.1359989120087039},{""class"":""artefact"",""free_energy"":5.521460917862246,""label"":""ghost_or_diffraction"",""orbital_class"":null,""posterior"":0.018133188267827196},{""class"":""artefact"",""free_energy"":5.991464547107982,""label"":""cosmic_ray"",""orbital_class"":null,""posterior"":0.011333242667391996}]","{""prior"":-2.3025850929940455}",[],[],[],strengthen contradiction audit and fail-closed triggers
blind_holdout_slow_clean__short_arc,artifact_adversarial,RESONANT_KBO,subtraction_residual,0.6069142808415765,0.4248399965891037,1.407709378166531,observe_second_night,"[""magnitude"",""morphology"",""orbit_fit"",""rate""]","[""color"",""sky_context"",""xmatch""]","[{""class"":""artefact"",""free_energy"":5.302585092994045,""label"":""subtraction_residual"",""orbital_class"":null,""posterior"":0.6069142808415765},{""class"":""artefact"",""free_energy"":6.506557897319982,""label"":""edge_artefact"",""orbital_class"":null,""posterior"":0.1820742842524728},{""class"":""moving_object"",""free_energy"":7.891487291651824,""label"":""HOT_CLASSICAL (44 AU)"",""orbital_class"":""HOT_CLASSICAL"",""posterior"":0.045580744823764785},{""class"":""moving_object"",""free_energy"":8.114630842966033,""label"":""RESONANT_KBO (39 AU)"",""orbital_class"":""RESONANT_KBO"",""posterior"":0.036464595859011864},{""class"":""moving_object"",""free_energy"":8.402312915417816,""label"":""CLASSICAL_KBO (44 AU)"",""orbital_class"":""CLASSICAL_KBO"",""posterior"":0.02734844689425883}]","{""coherent_short_arc_motion_penalty"":-3.0,""prior"":-2.3025850929940455}","[""short-arc moving-object candidate should not be discarded without follow-up""]",[],[],inspect top evidence terms; likely prior/likelihood calibration miss
blind_holdout_streak__weak_morphology,artifact_adversarial,satellite_trail,subtraction_residual,0.40485829959514175,0.16194331983805677,1.4444345539969254,discard,"[""magnitude"",""morphology"",""orbit_fit"",""rate""]","[""color"",""sky_context"",""xmatch""]","[{""class"":""artefact"",""free_energy"":2.995732273553991,""label"":""subtraction_residual"",""orbital_class"":null,""posterior"":0.40485829959514175},{""class"":""artefact"",""free_energy"":3.506557897319982,""label"":""edge_artefact"",""orbital_class"":null,""posterior"":0.24291497975708498},{""class"":""artefact"",""free_energy"":3.5090610275381002,""label"":""satellite_trail"",""orbital_class"":null,""posterior"":0.2423076923076923},{""class"":""artefact"",""free_energy"":5.298317366548036,""label"":""cosmic_ray"",""orbital_class"":null,""posterior"":0.040485829959514184},{""class"":""artefact"",""free_energy"":5.521460917862246,""label"":""ghost_or_diffraction"",""orbital_class"":null,""posterior"":0.03238866396761134}]","{""prior"":-2.3025850929940455,""single_detection"":-0.6931471805599453}",[],[],[],inspect top evidence terms; likely prior/likelihood calibration miss
